{"timestamps": [1504010761.370838, 1504010765.76486, 1504010765.966422, 1504010766.044844, 1504010766.124142, 1504010766.213636, 1504010766.293297, 1504010766.374132, 1504010770.5847, 1504010770.812989, 1504010770.892221, 1504010770.973276, 1504010771.050878, 1504010771.12975, 1504010771.21718, 1504010771.303255, 1504010771.381543, 1504010771.468282, 1504010771.550584, 1504010771.632269, 1504010771.723572, 1504010771.80076, 1504010771.880331, 1504010771.961168, 1504010772.040533, 1504010772.119005, 1504010772.206283, 1504010776.534526, 1504010777.135787, 1504010777.373944, 1504010777.639281, 1504010777.813682, 1504010778.065559, 1504010778.255088, 1504010778.43819, 1504010779.274173, 1504010779.700796, 1504010780.060626, 1504010780.385834, 1504010780.70558, 1504010781.068814, 1504010781.400987, 1504010781.844269, 1504010782.210855, 1504010782.557196, 1504010783.00884, 1504010783.345509, 1504010783.728377, 1504010784.178124, 1504010785.388471, 1504010787.422616, 1504010788.78427, 1504010790.727391, 1504010791.993734, 1504010793.13256, 1504010794.326452, 1504010795.506088, 1504010796.755511, 1504010797.940438, 1504010799.112448, 1504010800.489799, 1504010801.690837, 1504010802.872761, 1504010804.019986, 1504010809.954661, 1504010811.286114, 1504010812.433156, 1504010813.695346, 1504010814.895937, 1504010816.069424], "initial_reset_timestamp": 1504010748.893934, "episode_types": ["t", "t", "t", "t", "t", "t", "t", "t", "t", "t", "t", "t", "t", "t", "t", "t", "t", "t", "t", "t", "t", "t", "t", "t", "t", "t", "t", "t", "t", "t", "t", "t", "t", "t", "t", "t", "t", "t", "t", "t", "t", "t", "t", "t", "t", "t", "t", "t", "t", "t", "t", "t", "t", "t", "t", "t", "t", "t", "t", "t", "t", "t", "t", "t", "t", "t", "t", "t", "t", "t"], "episode_lengths": [200, 200, 200, 200, 200, 200, 200, 200, 200, 200, 200, 200, 200, 200, 200, 200, 200, 200, 200, 200, 200, 200, 200, 200, 200, 200, 200, 200, 200, 200, 200, 200, 200, 200, 200, 200, 200, 200, 200, 200, 200, 200, 200, 200, 200, 200, 200, 200, 200, 200, 200, 200, 200, 200, 200, 200, 200, 200, 200, 200, 200, 200, 200, 200, 200, 200, 200, 200, 200, 200], "episode_rewards": [-1259.2167643697792, -1492.5236105766048, -1211.5073382613066, -1068.7896610638174, -1216.065564768205, -1379.7008795516915, -1190.9423010678872, -1124.112924039922, -1070.8662017407282, -1303.7315637593624, -1290.0003705493157, -1253.620716924707, -1279.7899789502867, -1493.5240055566153, -1320.4741343092749, -1481.9170918565335, -1106.1772324055185, -1571.6064417831867, -1335.9470906074273, -1404.4641429861983, -1458.451059096007, -1514.9096302915243, -1161.305428426056, -1109.7156220048091, -1333.8295115631172, -1194.4655580320414, -1175.9422083324116, -1536.817686007075, -1370.376116144079, -1172.713426516887, -1478.949285075975, -1219.4331690547594, -1235.9072079072453, -1358.498558268734, -1060.9751012437928, -1285.4100401041653, -1587.3837898268039, -1754.3032396772808, -1616.04835658034, -1658.557648290945, -1709.7094085277615, -1487.5123152441377, -1595.8426181826046, -1634.5877360874192, -1645.741480029712, -1500.381516064688, -1246.495284547274, -1250.043222438473, -983.9932155166838, -1114.164053767116, -1210.9240553159877, -1548.2372652673055, -1058.9978195092683, -132.741885594699, -1534.5641764594072, -674.4720279880682, -134.24590848957882, -533.9096567474775, -1522.314412705939, -1217.3916482144825, -131.4875062630138, -532.3461672226241, -503.35156959115744, -128.9041798291771, -126.3850646719041, -128.70161875638317, -312.620531707583, -394.77075600129524, -258.05926106897135, -247.8347386249187]}