{"timestamps": [1501414795.47606, 1501414797.545569, 1501414797.666234, 1501414797.738345, 1501414797.810393, 1501414797.880101, 1501414797.949696, 1501414798.021119, 1501414800.008474, 1501414800.131092, 1501414800.20295, 1501414800.275625, 1501414800.346013, 1501414800.414772, 1501414800.483298, 1501414800.551675, 1501414800.620547, 1501414800.690024, 1501414800.758631, 1501414800.827484, 1501414800.896978, 1501414800.965636, 1501414801.033656, 1501414801.10239, 1501414801.171455, 1501414801.240511, 1501414801.310766, 1501414803.284201, 1501414803.403117, 1501414803.476205, 1501414803.546548, 1501414803.621117, 1501414803.692654, 1501414803.764626, 1501414803.83534, 1501414804.235627, 1501414804.621407, 1501414805.059661, 1501414805.440908, 1501414805.822821, 1501414806.253779, 1501414806.637529, 1501414807.064026, 1501414807.446762, 1501414807.829506, 1501414808.257234, 1501414808.641711, 1501414809.069135, 1501414809.461647, 1501414809.842738, 1501414810.270572, 1501414810.653715, 1501414811.077864, 1501414811.460733, 1501414811.842607, 1501414812.269977, 1501414812.838865, 1501414813.446284, 1501414814.00153, 1501414814.571137, 1501414815.183686, 1501414815.748469, 1501414816.359891, 1501414816.915921, 1501414819.487811, 1501414820.233427, 1501414820.798658, 1501414821.426074, 1501414821.985339, 1501414822.552248], "initial_reset_timestamp": 1501414791.551276, "episode_types": ["t", "t", "t", "t", "t", "t", "t", "t", "t", "t", "t", "t", "t", "t", "t", "t", "t", "t", "t", "t", "t", "t", "t", "t", "t", "t", "t", "t", "t", "t", "t", "t", "t", "t", "t", "t", "t", "t", "t", "t", "t", "t", "t", "t", "t", "t", "t", "t", "t", "t", "t", "t", "t", "t", "t", "t", "t", "t", "t", "t", "t", "t", "t", "t", "t", "t", "t", "t", "t", "t"], "episode_lengths": [200, 200, 200, 200, 200, 200, 200, 200, 200, 200, 200, 200, 200, 200, 200, 200, 200, 200, 200, 200, 200, 200, 200, 200, 200, 200, 200, 200, 200, 200, 200, 200, 200, 200, 200, 200, 200, 200, 200, 200, 200, 200, 200, 200, 200, 200, 200, 200, 200, 200, 200, 200, 200, 200, 200, 200, 200, 200, 200, 200, 200, 200, 200, 200, 200, 200, 200, 200, 200, 200], "episode_rewards": [-1055.9435565475965, -1704.529123510235, -1490.0865767524524, -1203.6786748679742, -1416.1002640049808, -1495.932133389995, -1132.5898015751943, -1553.7969239628774, -1322.0512913598702, -1229.6510576761752, -1350.4883145505687, -1572.0807194334127, -1748.1775929511057, -1487.8066024642408, -1190.307071443721, -1168.325658058492, -1131.9922594554282, -1244.966897516397, -1099.2805375101937, -1189.8737906138072, -1067.4354082518114, -1417.0150971616079, -1324.5814137702916, -1449.127986810081, -1051.3970589029202, -1202.113819446534, -1011.8560970319614, -1610.180677871663, -1314.9308539961633, -1214.5728292853776, -1307.8716851282625, -1111.5087606084141, -1615.1129393419928, -1221.023996045013, -1641.6571281189072, -1147.9272018326787, -1341.5769555007928, -1735.0229609263524, -1656.5050182530133, -1568.0506857390242, -1627.8601409443313, -1493.3341477352794, -1566.7174296192602, -1626.3407901069006, -1538.337359973992, -1434.0136147667438, -1093.9069145883825, -1516.9693731909879, -1265.3629740758224, -1131.7684531819307, -1090.3978603447058, -1109.712216200273, -1125.3078707186899, -1019.7406685197693, -1536.6715237306864, -926.809306402101, -1532.3350402603937, -1226.9511788924315, -1525.2943495257718, -788.6479568391974, -650.4176137872843, -663.9268613091642, -528.6048106872673, -782.2008883496736, -639.9350557642053, -1506.9510545276216, -806.6361216952638, -136.85491598616554, -12.01069847272282, -137.28544496418354]}